{
    "accuracy": 0.9683453237410072,
    "precision": 0.9411764705882353,
    "recall": 0.9585253456221198,
    "f1_score": 0.9497716894977167,
    "confusion_matrix": [
        [
            930,
            26
        ],
        [
            18,
            416
        ]
    ],
    "feature_importance": {
        "the": 0.010351393240102324,
        "to": 0.002867812225749352,
        "ect": 0.0033705349888391483,
        "and": 0.0015983178209304585,
        "of": 0.002674708101170909,
        "a": 0.003968648484150229,
        "you": 0.004741455942925538,
        "hou": 0.0025576656477907943,
        "in": 0.002815222276290574,
        "on": 0.003647522970267942,
        "is": 0.0023255360119500117,
        "enron": 0.032806748484496336,
        "i": 0.004522097712469401,
        "be": 0.001641278057965151,
        "will": 0.006418540626559286,
        "have": 0.003243956457891463,
        "with": 0.001189803414142432,
        "your": 0.009284460142583252,
        "at": 0.003001290531501855,
        "s": 0.004902029465434875
    }
}